[{"id":"user-image-claireseule.png","publicUrl":"np://user.desktop.nicepage.com/Site_72263235/images/claireseule.png","size":4032696,"hash":"ZGGEokuw8ryTQzCK+78huE+JqHM=","fileName":"claireseule.png","name":"claireseule","width":3000,"height":3000,"thumbnail":{"url":"np://user.desktop.nicepage.com/Site_72263235/images/thumbnails/claireseule.png","width":250,"height":250},"folderId":null,"usages":["1431625900"]},{"id":"user-image-leoseul.png","publicUrl":"np://user.desktop.nicepage.com/Site_72263235/images/leoseul.png","size":5024154,"hash":"twaEipYfkAlOe3BBAmD8wpWR5PQ=","fileName":"leoseul.png","name":"leoseul","width":3000,"height":3000,"thumbnail":{"url":"np://user.desktop.nicepage.com/Site_72263235/images/thumbnails/leoseul.png","width":250,"height":250},"folderId":null,"usages":["1431625900"]},{"id":"user-image-PPVOTEZ.jpg","publicUrl":"np://user.desktop.nicepage.com/Site_72263235/images/PPVOTEZ.jpg","size":2637830,"hash":"LF+4NOZtm2edfK8cVEXe5YL1H58=","fileName":"PPVOTEZ.jpg","name":"PPVOTEZ","width":2000,"height":2000,"thumbnail":{"url":"np://user.desktop.nicepage.com/Site_72263235/images/thumbnails/PPVOTEZ.jpg","width":250,"height":250},"folderId":null,"usages":["1431625900"]},{"id":"user-image-question.png","publicUrl":"np://user.desktop.nicepage.com/Site_72263235/images/question.png","size":9943,"hash":"kqVF90LSU2QqRYg266y+J1WQt6s=","fileName":"question.png","name":"question","width":200,"height":200,"thumbnail":{"url":"np://user.desktop.nicepage.com/Site_72263235/images/thumbnails/question.png","width":200,"height":200,"length":9943,"type":"png"},"folderId":null,"usages":[]},{"id":"user-image-degradsiteinternet.png","publicUrl":"np://user.desktop.nicepage.com/Site_72263235/images/degradsiteinternet.png","size":2829973,"hash":"PoVx1YcYAbJbfl0GyzYs/lZunZo=","fileName":"degradsiteinternet.png","name":"degradsiteinternet","width":2000,"height":2000,"thumbnail":{"url":"np://user.desktop.nicepage.com/Site_72263235/images/thumbnails/degradsiteinternet.png","width":250,"height":250},"folderId":null,"usages":["1431625900"]},{"id":"user-image-bulletndevote.png","publicUrl":"np://user.desktop.nicepage.com/Site_72263235/images/bulletndevote.png","size":464237,"hash":"e03AfRm2rjDg6d+HDWM04Pjvurg=","fileName":"bulletndevote.png","name":"bulletndevote","width":1748,"height":1240,"thumbnail":{"url":"np://user.desktop.nicepage.com/Site_72263235/images/thumbnails/bulletndevote.png","width":250,"height":177},"folderId":null,"usages":["1431625900"]},{"id":"user-image-2votezvotezvotezvotezpage2.png","publicUrl":"np://user.desktop.nicepage.com/Site_72263235/images/2votezvotezvotezvotezpage2.png","size":2567536,"hash":"/AOO86j9BR6BMWckT+g69rt9qdg=","fileName":"2votezvotezvotezvotezpage2.png","name":"2votezvotezvotezvotezpage2","width":2000,"height":2000,"thumbnail":{"url":"np://user.desktop.nicepage.com/Site_72263235/images/thumbnails/2votezvotezvotezvotezpage2.png","width":250,"height":250},"folderId":null,"usages":["1431625900"]},{"id":"user-image-1votezvotezvotezvotez.png","publicUrl":"np://user.desktop.nicepage.com/Site_72263235/images/1votezvotezvotezvotez.png","size":2313781,"hash":"rmBe4pLTje4etU5B36Rz0q/uE4k=","fileName":"1votezvotezvotezvotez.png","name":"1votezvotezvotezvotez","width":2000,"height":2000,"thumbnail":{"url":"np://user.desktop.nicepage.com/Site_72263235/images/thumbnails/1votezvotezvotezvotez.png","width":250,"height":250},"folderId":null,"usages":["1431625900"]},{"id":"user-image-14440636.png","publicUrl":"np://user.desktop.nicepage.com/Site_72263235/images/14440636.png","size":1286,"hash":"W0zrwNdCLmQFsc+SfGv3/BsvoA0=","fileName":"14440636.png","name":"14440636","width":128,"height":128,"thumbnail":{"url":"np://user.desktop.nicepage.com/Site_72263235/images/thumbnails/14440636.png","width":128,"height":128,"length":1286,"type":"png"},"folderId":null,"originalUrl":"https://assets.nicepagecdn.com/11a8ddce/6275998/images/14440636.png","usages":["1431625900"]}]