[{"id":67947476,"title":"Blog Template","order":1,"templateKey":"blog","customTemplate":false,"customTemplateFilename":null,"pageLinks":[],"dateCreated":"2024-06-24T21:37:03.183Z","dateUpdated":"2024-06-24T21:37:03.762Z","folderId":null,"pageName":"Blog Template","serverPageId":null,"sectionCount":1,"status":2,"backwardUrl":null},{"id":9693744,"title":"Post Template","order":2,"templateKey":"post","customTemplate":false,"customTemplateFilename":null,"pageLinks":[],"dateCreated":"2024-06-24T21:37:03.238Z","dateUpdated":"2024-06-24T21:37:03.762Z","folderId":null,"pageName":"Post Template","serverPageId":null,"sectionCount":1,"status":2,"backwardUrl":null},{"id":2151429082,"title":"Product List Template","order":3,"templateKey":"products","customTemplate":false,"customTemplateFilename":null,"pageLinks":[],"dateCreated":"2024-06-24T21:37:03.294Z","dateUpdated":"2024-06-24T21:37:03.762Z","folderId":null,"pageName":"Product List Template","serverPageId":null,"sectionCount":1,"status":2,"backwardUrl":null},{"id":362916289,"title":"Product Details Template","order":4,"templateKey":"product","customTemplate":false,"customTemplateFilename":null,"pageLinks":[],"dateCreated":"2024-06-24T21:37:03.358Z","dateUpdated":"2024-06-24T21:37:03.762Z","folderId":null,"pageName":"Product Details Template","serverPageId":null,"sectionCount":1,"status":2,"backwardUrl":null},{"id":2947816924,"title":"Shopping Cart Template","order":5,"templateKey":"cart","customTemplate":false,"customTemplateFilename":null,"pageLinks":[],"dateCreated":"2024-06-24T21:37:03.414Z","dateUpdated":"2024-06-24T21:37:03.762Z","folderId":null,"pageName":"Shopping Cart Template","serverPageId":null,"sectionCount":1,"status":2,"backwardUrl":null},{"id":2352816328,"title":"Checkout Template","order":6,"templateKey":"checkout","customTemplate":false,"customTemplateFilename":null,"pageLinks":[],"dateCreated":"2024-06-24T21:37:03.497Z","dateUpdated":"2024-06-24T21:37:03.762Z","folderId":null,"pageName":"Checkout Template","serverPageId":null,"sectionCount":1,"status":2,"backwardUrl":null},{"id":828714442,"title":"Login Template","order":7,"templateKey":"login","customTemplate":false,"customTemplateFilename":null,"pageLinks":[],"dateCreated":"2024-06-24T21:37:03.542Z","dateUpdated":"2024-06-24T21:37:03.762Z","folderId":null,"pageName":"Login Template","serverPageId":null,"sectionCount":1,"status":2,"backwardUrl":null},{"id":11992761,"title":"Page Password Template","order":8,"templateKey":"password","customTemplate":false,"customTemplateFilename":null,"pageLinks":[],"dateCreated":"2024-06-24T21:37:03.574Z","dateUpdated":"2024-06-24T21:37:03.762Z","folderId":null,"pageName":"Page Password Template","serverPageId":null,"sectionCount":1,"status":2,"backwardUrl":null},{"id":26151766,"title":"404 Not Found Template","order":9,"templateKey":"404","customTemplate":false,"customTemplateFilename":null,"pageLinks":[],"dateCreated":"2024-06-24T21:37:03.604Z","dateUpdated":"2024-06-24T21:37:03.762Z","folderId":null,"pageName":"404 Not Found Template","serverPageId":null,"sectionCount":1,"status":2,"backwardUrl":null},{"id":2738302970,"title":"Thank You Page Template","order":10,"templateKey":"ThankYou","customTemplate":false,"customTemplateFilename":null,"pageLinks":[],"dateCreated":"2024-06-24T21:37:03.629Z","dateUpdated":"2024-06-24T21:37:03.762Z","folderId":null,"pageName":"Thank You Page Template","serverPageId":null,"sectionCount":1,"status":2,"backwardUrl":null},{"id":1431625900,"title":"Accueil","order":50,"templateKey":null,"customTemplate":false,"customTemplateFilename":null,"pageLinks":["522802918","2978928679","221508972"],"dateCreated":"2024-06-24T21:37:10.778Z","dateUpdated":"2024-06-25T00:28:05.168Z","folderId":null,"pageName":"Accueil_1431625900","serverPageId":null,"sectionCount":4,"status":2,"backwardUrl":null},{"id":1155807825,"title":"À propos de","order":100,"templateKey":null,"customTemplate":false,"customTemplateFilename":null,"pageLinks":[],"dateCreated":"2024-06-24T21:37:03.649Z","dateUpdated":"2024-06-24T21:37:03.762Z","folderId":null,"pageName":"À propos de_1155807825","serverPageId":null,"sectionCount":1,"status":2,"backwardUrl":null},{"id":916612389,"title":"Contact","order":101,"templateKey":null,"customTemplate":false,"customTemplateFilename":null,"pageLinks":[],"dateCreated":"2024-06-24T21:37:03.666Z","dateUpdated":"2024-06-24T21:37:03.762Z","folderId":null,"pageName":"Contact_916612389","serverPageId":null,"sectionCount":1,"status":2,"backwardUrl":null}]